{
  "timestamp": "2025-11-04 16:20:08",
  "num_episodes": 60,
  "total_positions": 38749,
  "win_rate": 0.09029910449301917,
  "draw_rate": 0.8214147461869984,
  "loss_rate": 0.08828614931998245,
  "entropy_value_corr": -0.032255403641671815,
  "plot_path": "/home/presi/projects/chess_ai_project/analysis/plots/selfplay_summary_20251104_162008.png"
}