{
  "timestamp": "2025-11-03 15:53:02",
  "num_episodes": 40,
  "total_positions": 25202,
  "win_rate": 0.0878104912308547,
  "draw_rate": 0.8264820252360924,
  "loss_rate": 0.08570748353305294,
  "entropy_value_corr": -0.31675538140401954,
  "plot_path": "/home/presi/projects/chess_ai_project/analysis/plots/selfplay_summary_20251103_155301.png"
}