{
  "timestamp": "2025-11-14 09:57:57",
  "num_episodes": 161,
  "total_positions": 104699,
  "win_rate": 0.08806196811812911,
  "draw_rate": 0.8622813971480148,
  "loss_rate": 0.0496566347338561,
  "entropy_value_corr": -0.3130589743506433,
  "plot_path": "/home/presi/projects/chess_ai_project/analysis/plots/selfplay_summary_20251114_095756.png"
}