{
  "timestamp": "2025-11-05 14:56:45",
  "num_episodes": 65,
  "total_positions": 42421,
  "win_rate": 0.08809316140590745,
  "draw_rate": 0.8257466820678437,
  "loss_rate": 0.0861601565262488,
  "entropy_value_corr": 0.001139079342783684,
  "plot_path": "/home/presi/projects/chess_ai_project/analysis/plots/selfplay_summary_20251105_145645.png"
}