{
  "timestamp": "2025-11-14 11:29:22",
  "num_episodes": 167,
  "total_positions": 111036,
  "win_rate": 0.08773731042184517,
  "draw_rate": 0.8608109081739256,
  "loss_rate": 0.051451781404229256,
  "entropy_value_corr": -0.23841917177176275,
  "plot_path": "/home/presi/projects/chess_ai_project/analysis/plots/selfplay_summary_20251114_112921.png"
}