{
  "timestamp": "2025-11-06 08:56:16",
  "num_episodes": 70,
  "total_positions": 46018,
  "win_rate": 0.0877482724151419,
  "draw_rate": 0.8263940197314095,
  "loss_rate": 0.08585770785344865,
  "entropy_value_corr": -0.006661559480796663,
  "plot_path": "/home/presi/projects/chess_ai_project/analysis/plots/selfplay_summary_20251106_085615.png"
}